City_ID,City,Cloudiness,Country,Date,Humidity,Lat,Lng,Max Temp,Wind Speed
0,Ushuaia,40,AR,04/11/2020,56,-54.8,-68.3,42.8,5.28
1,Punta Arenas,40,CL,04/11/2020,86,-53.15,-70.92,39.2,13.87
2,Rio Gallegos,54,AR,04/11/2020,70,-51.62,-69.22,42.8,6.93
3,Bluff,5,NZ,04/11/2020,48,-46.6,168.33,70,5.01
4,Kaitangata,0,NZ,04/11/2020,85,-46.28,169.85,53.01,3
5,Comodoro Rivadavia,40,AR,04/11/2020,82,-45.87,-67.5,55.4,5.82
6,Dunedin,0,NZ,04/11/2020,85,-45.87,170.5,55.99,5.01
7,Coihaique,75,CL,04/11/2020,81,-45.58,-72.07,42.8,3.36
8,Te Anau,41,NZ,04/11/2020,65,-45.42,167.72,54.55,5.68
9,Christchurch,0,NZ,04/11/2020,77,-43.53,172.63,63,13.87
10,Rawson,65,AR,04/11/2020,60,-43.3,-65.1,61.77,16.98
11,Hobart,75,AU,04/11/2020,66,-42.88,147.33,55.4,17.22
12,New Norfolk,75,AU,04/11/2020,66,-42.78,147.06,55.4,17.22
13,Castro,75,CL,04/11/2020,100,-42.47,-73.77,42.8,4.7
14,Ancud,75,CL,04/11/2020,100,-41.87,-73.82,42.8,4.7
15,Westport,39,NZ,04/11/2020,74,-41.75,171.6,56.91,2.91
16,Waipawa,6,NZ,04/11/2020,77,-41.41,175.52,61,23.04
17,Neuquen,88,AR,04/11/2020,39,-38.95,-68.06,66.2,6.93
18,Mar Del Plata,0,AR,04/11/2020,87,-38,-57.56,53.6,3.36
19,Mount Gambier,90,AU,04/11/2020,54,-37.83,140.77,57.2,23.04
20,Lebu,49,CL,04/11/2020,84,-37.62,-73.65,55.04,11.92
21,Dargaville,21,NZ,04/11/2020,73,-35.93,173.88,60.33,1.05
22,Constitucion,100,CL,04/11/2020,90,-35.33,-72.42,54.21,6.64
23,Kaeo,19,NZ,04/11/2020,72,-35.1,173.78,66,5.01
24,Albany,92,AU,04/11/2020,61,-35.02,117.89,77,12.75
25,Port Lincoln,82,AU,04/11/2020,65,-34.73,135.87,60.21,16.06
26,Bredasdorp,100,ZA,04/11/2020,82,-34.53,20.04,60.8,2.24
27,Hermanus,99,ZA,04/11/2020,91,-34.42,19.23,61,3
28,Cape Town,20,ZA,04/11/2020,93,-33.93,18.42,62.6,9.17
29,Port Elizabeth,20,ZA,04/11/2020,93,-33.92,25.57,53.6,3.29
30,Esperance,14,AU,04/11/2020,44,-33.87,121.9,80.6,10.29
31,Chuy,0,UY,04/11/2020,85,-33.7,-53.46,60.26,3.24
32,Busselton,72,AU,04/11/2020,17,-33.65,115.33,96.01,5.59
33,Port Alfred,17,ZA,04/11/2020,82,-33.59,26.89,67.32,7.07
34,Willowmore,56,ZA,04/11/2020,39,-33.29,23.49,61.88,2.86
35,Port Pirie,59,AU,04/11/2020,56,-33.18,138.02,68,19.46
36,Gualeguay,0,AR,04/11/2020,86,-33.14,-59.31,52.61,4.43
37,Rio Cuarto,0,AR,04/11/2020,66,-33.13,-64.35,53.6,5.82
38,East London,6,ZA,04/11/2020,93,-33.02,27.91,57.2,2.24
39,Saldanha,92,ZA,04/11/2020,93,-33.01,17.94,60.8,4.7
40,Port Macquarie,95,AU,04/11/2020,38,-31.43,152.92,75.2,9.17
41,Margate,70,ZA,04/11/2020,65,-30.86,30.37,74.73,11.3
42,De Aar,9,ZA,04/11/2020,52,-30.65,24.01,62.37,17.83
43,Cidreira,6,BR,04/11/2020,82,-30.18,-50.21,62.04,5.12
44,Coquimbo,69,CL,04/11/2020,84,-29.95,-71.34,60.4,9.31
45,Richards Bay,32,ZA,04/11/2020,76,-28.78,32.04,71.62,15.12
46,Geraldton,70,AU,04/11/2020,31,-28.77,114.6,91.4,10.29
47,Byron Bay,37,AU,04/11/2020,32,-28.65,153.62,88,13.87
48,Laguna,0,BR,04/11/2020,89,-28.48,-48.78,59.59,8.88
49,Imbituba,3,BR,04/11/2020,59,-28.24,-48.67,62.6,5.82
50,Luderitz,0,NA,04/11/2020,87,-26.65,15.16,53.6,3.36
51,San Vicente,0,AR,04/11/2020,80,-26.62,-54.13,49.08,3.6
52,Roma,16,AU,04/11/2020,19,-26.58,148.78,81.5,15.9
53,Coolum Beach,53,AU,04/11/2020,69,-26.53,153.1,86,5.84
54,Diego De Almagro,6,CL,04/11/2020,63,-26.37,-70.05,51.69,0.78
55,Formosa,0,AR,04/11/2020,87,-26.18,-58.18,57.2,3.36
56,Taltal,41,CL,04/11/2020,71,-25.4,-70.48,62.96,2.13
57,Hervey Bay,94,AU,04/11/2020,62,-25.3,152.85,84.2,13.87
58,Yulara,29,AU,04/11/2020,11,-25.24,130.99,87.8,6.93
59,Beloha,29,MG,04/11/2020,65,-25.17,45.05,78.04,14.88
60,Carnarvon,57,AU,04/11/2020,74,-24.87,113.63,82.4,14.99
61,Ampanihy,1,MG,04/11/2020,57,-24.7,44.75,78.94,11.36
62,Thabazimbi,88,ZA,04/11/2020,94,-24.59,27.41,57.99,4.05
63,Peruibe,76,BR,04/11/2020,69,-24.32,-47,69.62,3.31
64,Inhambane,20,MZ,04/11/2020,88,-23.86,35.38,69.8,6.11
65,Ilhabela,61,BR,04/11/2020,69,-23.78,-45.36,68.94,2.77
66,Alice Springs,9,AU,04/11/2020,14,-23.7,133.88,84.2,9.17
67,Antofagasta,75,CL,04/11/2020,88,-23.65,-70.4,64.4,10.29
68,Pozo Colorado,0,PY,04/11/2020,67,-23.49,-58.8,57.33,4.65
69,Manyana,10,BW,04/11/2020,52,-23.4,21.72,65.97,10.33
70,Fartura,43,BR,04/11/2020,77,-23.39,-49.51,60.28,8.01
71,Rikitea,48,PF,04/11/2020,77,-23.12,-134.97,77.41,10.69
72,Arraial Do Cabo,88,BR,04/11/2020,81,-22.97,-42.03,71.94,8.59
73,Otjimbingwe,2,NA,04/11/2020,48,-22.35,16.13,71.37,10.18
74,Noumea,75,NC,04/11/2020,54,-22.28,166.46,80.6,8.05
75,Henties Bay,16,NA,04/11/2020,52,-22.12,14.28,75.22,3.87
76,Sao Fidelis,95,BR,04/11/2020,85,-21.65,-41.75,69.08,0.87
77,Sao Joao Da Barra,95,BR,04/11/2020,85,-21.64,-41.05,70.88,4.9
78,Tadine,61,NC,04/11/2020,70,-21.55,167.88,75.72,8.7
79,Saint-Philippe,75,RE,04/11/2020,61,-21.36,55.77,79,14.99
80,Avarua,100,CK,04/11/2020,94,-21.21,-159.78,82.4,5.82
81,Vaini,20,TO,04/11/2020,69,-21.2,-175.2,78.8,4.7
82,Mackay,50,AU,04/11/2020,66,-21.15,149.2,87.01,12.75
83,Voh,68,NC,04/11/2020,61,-20.97,164.7,78.3,4.25
84,Karratha,1,AU,04/11/2020,29,-20.74,116.85,92.5,8.9
85,Mount Isa,32,AU,04/11/2020,13,-20.73,139.5,89.6,11.41
86,Okakarara,29,NA,04/11/2020,61,-20.58,17.43,63.21,8.7
87,Souillac,75,MU,04/11/2020,74,-20.52,57.52,81,18.34
88,Uyuni,0,BO,04/11/2020,14,-20.46,-66.83,42.37,7.56
89,Mahebourg,40,MU,04/11/2020,78,-20.41,57.7,81,17.22
90,Bambous Virieux,75,MU,04/11/2020,74,-20.34,57.76,81,18.34
91,Vila Velha,75,BR,04/11/2020,94,-20.33,-40.29,71.6,3.36
92,Poum,91,NC,04/11/2020,65,-20.23,164.02,78.67,6.4
93,Bowen,40,AU,04/11/2020,49,-20.02,148.23,89.6,6.93
94,Grand Gaube,40,MU,04/11/2020,78,-20.01,57.66,78.8,17.22
95,Isangel,48,VU,04/11/2020,61,-19.55,169.27,78.19,9.26
96,Alofi,37,NU,04/11/2020,69,-19.06,-169.92,80.6,4.7
97,Catalao,8,BR,04/11/2020,73,-18.17,-47.95,60.94,2.06
98,Opuwo,15,NA,04/11/2020,54,-18.06,13.84,68.23,7.78
99,Santa Helena De Goias,14,BR,04/11/2020,71,-17.81,-50.6,62.92,2.53
100,Ongwediva,73,NA,04/11/2020,94,-17.78,15.77,68,2.24
101,Tautira,100,PF,04/11/2020,74,-17.73,-149.15,82.4,3.36
102,Caravelas,37,BR,04/11/2020,87,-17.71,-39.25,76.69,7.92
103,Ilo,85,PE,04/11/2020,80,-17.64,-71.34,71.4,8.81
104,Varzea Da Palma,5,BR,04/11/2020,78,-17.6,-44.73,68.56,3.96
105,Mineiros,31,BR,04/11/2020,69,-17.57,-52.55,63.12,3.83
106,Soanierana Ivongo,75,MG,04/11/2020,78,-16.92,49.58,82.4,11.41
107,Tevaitoa,98,PF,04/11/2020,70,-16.78,-151.5,84.27,7.31
108,Camana,94,PE,04/11/2020,78,-16.62,-72.71,71.85,5.7
109,Faanui,96,PF,04/11/2020,71,-16.48,-151.75,83.48,8.16
110,Barao De Melgaco,20,BR,04/11/2020,78,-16.19,-55.97,77,3.36
111,Jamestown,32,SH,04/11/2020,74,-15.94,-5.72,70.65,16.35
112,Kununurra,75,AU,04/11/2020,78,-15.77,128.73,77,4.7
113,Guanay,94,BO,04/11/2020,65,-15.5,-67.88,65.44,0.36
114,Brumado,99,BR,04/11/2020,82,-14.2,-41.67,71.8,3.51
115,Macusani,68,PE,04/11/2020,21,-14.08,-70.43,36.21,3.42
116,Lufilufi,98,WS,04/11/2020,94,-13.87,-171.6,82,8.01
117,Alyangula,75,AU,04/11/2020,100,-13.85,136.42,77,4.7
118,Caconda,62,AO,04/11/2020,61,-13.73,15.07,60.04,3.91
119,Pisco,90,PE,04/11/2020,88,-13.7,-76.22,72,4.7
120,Ambilobe,10,MG,04/11/2020,64,-13.2,49.05,83.35,6.55
121,Tambopata,9,PE,04/11/2020,72,-12.73,-69.18,66.7,1.77
122,Riachao Das Neves,97,BR,04/11/2020,81,-11.75,-44.91,70.9,0.49
123,Mitsamiouli,15,KM,04/11/2020,73,-11.38,43.28,83.89,9.69
124,Mazamari,95,PE,04/11/2020,63,-11.33,-74.53,72.07,0.96
125,Barranca,37,PE,04/11/2020,76,-10.75,-77.77,73.53,7.47
126,Atuona,81,PF,04/11/2020,76,-9.8,-139.03,82.22,11.14
127,Waingapu,68,ID,04/11/2020,69,-9.66,120.26,83.88,8.08
128,Inhapi,60,BR,04/11/2020,82,-9.22,-37.75,70.86,3.13
129,Aripuana,85,BR,04/11/2020,94,-9.17,-60.63,72.86,1.23
130,Atambua,17,ID,04/11/2020,71,-9.11,124.89,79.52,1.43
131,Luanda,40,AO,04/11/2020,94,-8.84,13.23,77,4.7
132,Mbala,44,ZM,04/11/2020,57,-8.84,31.37,61.16,8.88
133,Tamandare,13,BR,04/11/2020,80,-8.76,-35.1,80.64,7.92
134,Caxito,75,AO,04/11/2020,88,-8.58,13.66,78.8,5.82
135,Merauke,70,ID,04/11/2020,74,-8.47,140.33,84.78,9.51
136,Georgetown,19,SH,04/11/2020,82,-7.93,-14.42,80.49,15.55
137,Chicama,93,PE,04/11/2020,73,-7.84,-79.15,74.12,4.81
138,Pitimbu,6,BR,04/11/2020,100,-7.47,-34.81,77,4.7
139,Kawalu,5,ID,04/11/2020,45,-7.38,108.21,89.67,5.77
140,Kalianget,39,ID,04/11/2020,72,-7.05,113.93,85.06,0.56
141,Cabedelo,12,BR,04/11/2020,94,-6.98,-34.83,77,6.13
142,Labuhan,35,ID,04/11/2020,64,-6.88,112.21,88.39,2.35
143,Sao Felix Do Xingu,75,BR,04/11/2020,91,-6.64,-51.99,73.31,0.58
144,Sao Geraldo Do Araguaia,58,BR,04/11/2020,88,-6.4,-48.55,73.83,3.15
145,Indramayu,0,ID,04/11/2020,61,-6.33,108.32,87.87,4.09
146,Kieta,85,PG,04/11/2020,74,-6.22,155.63,84.09,4.27
147,Soyo,75,AO,04/11/2020,94,-6.13,12.37,78.8,8.52
148,Kiunga,87,PG,04/11/2020,70,-6.12,141.29,88.3,2.46
149,Tual,4,ID,04/11/2020,72,-5.67,132.75,84.02,8.01
150,Sitio Novo Do Tocantins,100,BR,04/11/2020,94,-5.52,-47.46,77,2.57
151,Pringsewu,4,ID,04/11/2020,50,-5.36,104.97,92.37,0.6
152,Madang,85,PG,04/11/2020,73,-5.22,145.8,84.42,5.06
153,Quixeramobim,83,BR,04/11/2020,89,-5.2,-39.29,72.66,0.94
154,Touros,40,BR,04/11/2020,94,-5.2,-35.46,75.2,5.82
155,Victoria,20,SC,04/11/2020,70,-4.62,55.45,86,3.15
156,Bulungu,82,CD,04/11/2020,76,-4.55,18.6,73.24,1.79
157,Kokopo,86,PG,04/11/2020,76,-4.35,152.26,82.56,6.02
158,Mangai,69,CD,04/11/2020,83,-4.05,19.53,73.13,1.72
159,Aquiraz,40,BR,04/11/2020,88,-3.9,-38.39,78.8,2.24
160,Bengkulu,99,ID,04/11/2020,54,-3.8,102.27,89.01,2.8
161,Iquitos,75,PE,04/11/2020,94,-3.75,-73.25,77,2.04
162,Ambon,13,ID,04/11/2020,68,-3.7,128.18,85.05,3.31
163,Kampene,100,CD,04/11/2020,82,-3.6,26.67,71.24,1.25
164,Nabire,57,ID,04/11/2020,70,-3.37,135.48,86.63,4.9
165,Tefe,85,BR,04/11/2020,88,-3.35,-64.71,73.62,0.27
166,Malindi,40,KE,04/11/2020,88,-3.22,40.12,80.6,16.11
167,Tutoia,98,BR,04/11/2020,84,-2.76,-42.27,79.14,4.43
168,Pangkalanbuun,84,ID,04/11/2020,76,-2.68,111.62,85.53,5.17
169,Vanimo,98,PG,04/11/2020,76,-2.67,141.3,83.59,6.6
170,Kavieng,82,PG,04/11/2020,74,-2.57,150.8,84.4,8.39
171,Lorengau,66,PG,04/11/2020,72,-2.02,147.27,84.2,4.43
172,Cururupu,100,BR,04/11/2020,91,-1.83,-44.87,77.47,2.98
173,Padang,66,ID,04/11/2020,67,-0.95,100.35,87.03,3.02
174,Solok,66,ID,04/11/2020,65,-0.79,100.66,82.71,1.77
175,Puerto Ayora,93,EC,04/11/2020,88,-0.74,-90.35,80.01,3
176,Port-Gentil,100,GA,04/11/2020,81,-0.72,8.78,81.59,9.98
177,Hithadhoo,54,MV,04/11/2020,61,-0.6,73.08,85.05,6.98
178,Owando,100,CG,04/11/2020,85,-0.48,15.9,73.87,2.33
179,Puerto Leguizamo,91,CO,04/11/2020,92,-0.19,-74.78,70.86,0.87
180,Kisangani,87,CD,04/11/2020,83,0.52,25.2,74.82,1.21
181,Muisne,97,EC,04/11/2020,86,0.6,-80.03,76.75,6.08
182,Masindi,24,UG,04/11/2020,59,1.67,31.71,71.73,4.94
183,Mogadishu,75,SO,04/11/2020,62,2.04,45.34,87.8,6.93
184,Bandar,70,ID,04/11/2020,43,2.05,99.75,93.54,3.42
185,Kudahuvadhoo,28,MV,04/11/2020,68,2.67,72.89,84.27,5.57
186,Butaritari,65,KI,04/11/2020,74,3.07,172.79,84.52,9.4
187,Inirida,100,CO,04/11/2020,94,3.87,-67.92,71.91,1.52
188,Saint-Georges,100,GF,04/11/2020,95,3.9,-51.8,74.16,1.88
189,Limbe,75,CM,04/11/2020,94,4.02,9.21,77,6.93
190,Meulaboh,68,ID,04/11/2020,59,4.14,96.13,88.18,4.41
191,Miri,75,MY,04/11/2020,79,4.41,114.01,87.8,9.17
192,Axim,81,GH,04/11/2020,84,4.87,-2.24,79.79,5.21
193,Yenagoa,60,NG,04/11/2020,89,4.92,6.26,77.16,5.99
194,Cayenne,97,GF,04/11/2020,100,4.93,-52.33,78.8,8.77
195,Zemio,87,CF,04/11/2020,68,5.03,25.14,75.58,3.42
196,Marquetalia,100,CO,04/11/2020,64,5.3,-75.06,61.75,3.42
197,Hobyo,62,SO,04/11/2020,59,5.35,48.53,85.93,11.03
198,Winneba,58,GH,04/11/2020,88,5.35,-0.62,78.8,4.7
199,Sinnamary,97,GF,04/11/2020,81,5.38,-52.95,78.8,13.24
200,Warri,43,NG,04/11/2020,89,5.52,5.75,76.53,8.9
201,Anloga,20,GH,04/11/2020,88,5.79,0.9,80.6,2.24
202,Sabang,22,ID,04/11/2020,72,5.89,95.32,85.39,12.39
203,Ikom,100,NG,04/11/2020,92,5.97,8.71,76.17,1.7
204,Hambantota,5,LK,04/11/2020,63,6.12,81.12,87.01,11.99
205,Kuah,20,MY,04/11/2020,63,6.33,99.84,93.2,3.36
206,Kinablangan,28,PH,04/11/2020,63,7.69,126.55,84.97,10.69
207,Batticaloa,8,LK,04/11/2020,53,7.71,81.69,89.31,9.4
208,Remedios,62,PA,04/11/2020,73,8.23,-81.83,79.16,6.67
209,Bandarbeyla,49,SO,04/11/2020,59,9.49,50.81,83.1,7.05
210,Calamar,75,CO,04/11/2020,83,10.25,-74.91,82.4,12.75
211,Birao,66,CF,04/11/2020,14,10.28,22.79,86.76,8.95
212,Sikasso,7,ML,04/11/2020,54,10.92,-7,78.33,4.85
213,Kolondieba,3,ML,04/11/2020,54,11.09,-6.89,78.37,4.56
214,Scarborough,20,TT,04/11/2020,78,11.18,-60.73,78.8,4.7
215,Bang Saphan,40,TH,04/11/2020,66,11.21,99.51,91.4,8.05
216,Port Blair,25,IN,04/11/2020,66,11.67,92.75,84.13,7.23
217,Dutse,99,NG,04/11/2020,15,11.76,9.34,77.94,3.76
218,Prachuap Khiri Khan,50,TH,04/11/2020,53,11.82,99.78,89.83,7.18
219,San Rafael Del Sur,20,NI,04/11/2020,69,11.85,-86.44,82.4,9.17
220,San Policarpo,27,PH,04/11/2020,65,12.18,125.51,82.94,6.53
221,Marabba,47,SD,04/11/2020,11,12.35,32.18,86.97,17.47
222,Puro,31,PH,04/11/2020,59,12.48,123.38,86.52,3.56
223,Tuy Hoa,63,VN,04/11/2020,66,13.08,109.3,85.46,6.2
224,Bathsheba,40,BB,04/11/2020,74,13.22,-59.52,78.8,14.99
225,Chon Buri,40,TH,04/11/2020,56,13.36,100.98,97,9.17
226,Segou,57,ML,04/11/2020,44,13.43,-6.22,82.18,10.04
227,Acajutla,3,SV,04/11/2020,56,13.59,-89.83,75,7.27
228,Cabra,2,PH,04/11/2020,71,13.89,120.05,83.64,3.67
229,Pandan,40,PH,04/11/2020,76,14.05,124.17,81.63,7.45
230,Champerico,58,GT,04/11/2020,77,14.3,-91.92,81.41,8.28
231,Filingue,71,NE,04/11/2020,32,14.35,3.32,80.19,4.7
232,Dinahican,36,PH,04/11/2020,68,14.72,121.72,84.18,9.04
233,Pout,0,SN,04/11/2020,60,14.77,-17.06,71.6,5.82
234,Tahoua,100,NE,04/11/2020,25,14.89,5.27,86,4.7
235,Sao Filipe,38,CV,04/11/2020,76,14.9,-24.5,74.14,6.67
236,Praia,41,CV,04/11/2020,73,14.92,-23.51,73.4,17.22
237,Aguacatan,89,GT,04/11/2020,95,15.34,-91.31,52,0.22
238,Abalak,100,NE,04/11/2020,25,15.45,6.28,77.95,6.44
239,Puerto Escondido,29,MX,04/11/2020,66,15.85,-97.07,79.36,3.98
240,Saint-Louis,0,SN,04/11/2020,29,16.33,-15,73.9,4.99
241,Goundam,0,ML,04/11/2020,26,16.41,-3.67,77.43,2.8
242,Gao,99,ML,04/11/2020,29,16.64,1.64,80.83,10.67
243,Acapulco,5,MX,04/11/2020,94,16.86,-99.89,77,4.7
244,Salalah,40,OM,04/11/2020,74,17.02,54.09,84.2,6.93
245,Ponta Do Sol,40,CV,04/11/2020,83,17.2,-25.09,71.6,33.33
246,Xalpatlahuac,29,MX,04/11/2020,36,17.47,-98.62,62.56,5.75
247,Nouakchott,0,MR,04/11/2020,73,18.09,-15.98,71.6,10.29
248,Les Cayes,97,HT,04/11/2020,80,18.2,-73.75,79,5.59
249,Road Town,40,VG,04/11/2020,78,18.42,-64.62,80.6,6.93
250,Karimnagar,3,IN,04/11/2020,15,18.43,79.15,100.63,8.01
251,Coahuayana,0,MX,04/11/2020,45,18.73,-103.68,75.69,3.29
252,Araouane,0,ML,04/11/2020,14,18.9,-3.53,77.14,3.06
253,Amecameca,20,MX,04/11/2020,20,19.12,-98.77,73.4,4.7
254,San Patricio,7,MX,04/11/2020,60,19.22,-104.7,76.41,7.74
255,George Town,78,KY,04/11/2020,87,19.29,-81.37,79,1.01
256,Hilo,90,US,04/11/2020,83,19.73,-155.09,75.2,3.36
257,Tombouctou,0,ML,04/11/2020,12,20,-3,77.79,5.97
258,Vega De Alatorre,24,MX,04/11/2020,85,20.03,-96.63,79,6.69
259,Tessalit,20,ML,04/11/2020,15,20.2,1.01,77.04,7.47
260,Basco,82,PH,04/11/2020,72,20.45,121.97,76.06,6.22
261,Thai Binh,100,VN,04/11/2020,78,20.45,106.33,80.6,4.7
262,Atar,0,MR,04/11/2020,31,20.52,-13.05,73.31,11.63
263,Moa,56,CU,04/11/2020,75,20.66,-74.94,75.02,3.24
264,Kahului,40,US,04/11/2020,73,20.89,-156.47,75.2,9.17
265,Makakilo City,1,US,04/11/2020,73,21.35,-158.09,80.6,5.82
266,Mecca,57,SA,04/11/2020,17,21.43,39.83,78.26,11.45
267,Ahuimanu,75,US,04/11/2020,57,21.44,-157.84,78.8,11.41
268,Qinzhou,94,CN,04/11/2020,76,21.95,108.62,79.59,9.42
269,Kapaa,20,US,04/11/2020,69,22.08,-159.32,77,10.29
270,Sur,54,OM,04/11/2020,21,22.57,59.53,93.58,8.43
271,Cabo San Lucas,81,MX,04/11/2020,68,22.89,-109.91,68,14.63
272,Naliya,0,IN,04/11/2020,30,23.27,68.83,91.6,6.08
273,Todos Santos,98,MX,04/11/2020,81,23.45,-110.22,68,1.99
274,Kuju,0,IN,04/11/2020,24,23.72,85.5,91.4,5.82
275,Cedral,74,MX,04/11/2020,34,23.8,-100.73,70.27,6.93
276,Cockburn Town,8,BS,04/11/2020,85,24.03,-74.52,77.05,5.53
277,Ishigaki,40,JP,04/11/2020,73,24.34,124.16,77,10.29
278,Andros Town,75,BS,04/11/2020,78,24.7,-77.77,73.4,4.7
279,Ormara,2,PK,04/11/2020,49,25.21,64.64,85.62,2.1
280,Esna,25,EG,04/11/2020,55,25.29,32.55,60.8,3.36
281,Qujing,23,CN,04/11/2020,24,25.48,103.78,70.16,2.82
282,Adrar,0,DZ,04/11/2020,17,25.75,-1,76.6,9.1
283,Nishihara,40,JP,04/11/2020,60,26.18,127.76,75.2,11.41
284,Sayhat,94,SA,04/11/2020,74,26.49,50.04,93.2,9.17
285,Nago,40,JP,04/11/2020,60,26.59,127.98,75.2,12.75
286,Santa Barbara,33,MX,04/11/2020,24,26.8,-105.82,52.45,6.91
287,Caohai,97,CN,04/11/2020,38,26.87,104.28,52.14,8.03
288,Sabha,0,LY,04/11/2020,25,27.04,14.43,63.48,15.86
289,Jensen Beach,90,US,04/11/2020,73,27.25,-80.23,77,9.17
290,Abnub,0,EG,04/11/2020,58,27.27,31.15,55.4,8.05
291,Gopamau,0,IN,04/11/2020,13,27.55,80.28,100.71,11.9
292,Kathmandu,20,NP,04/11/2020,33,27.72,85.32,75.2,3.36
293,Tezu,0,IN,04/11/2020,14,27.92,96.17,94.66,5.06
294,Guerrero Negro,1,MX,04/11/2020,67,27.98,-114.06,59.61,9.6
295,Pokhara,14,NP,04/11/2020,12,28.23,83.98,82.54,4.32
296,Santa Isabel,0,MX,04/11/2020,56,28.38,-113.35,51.62,7.36
297,Los Llanos De Aridane,90,ES,04/11/2020,72,28.66,-17.92,68,6.93
298,Teguise,20,ES,04/11/2020,77,29.06,-13.56,64.4,9.17
299,Awjilah,0,LY,04/11/2020,57,29.11,21.29,58.15,8.32
300,Jumla,14,NP,04/11/2020,64,29.27,82.18,60.01,2.84
301,Bayan,22,KW,04/11/2020,31,29.3,48.05,78.8,16.11
302,Suez,0,EG,04/11/2020,60,29.97,32.53,60.37,4.68
303,Sakakah,20,SA,04/11/2020,50,29.97,40.21,55.4,8.05
304,Callaway,1,US,04/11/2020,44,30.15,-85.57,60.8,6.93
305,Rudbar,100,AF,04/11/2020,23,30.15,62.6,84.04,8.57
306,Ajdabiya,2,LY,04/11/2020,66,30.76,20.23,58.26,5.79
307,Yushan,90,CN,04/11/2020,87,31.38,120.95,55,15.66
308,Kushima,75,JP,04/11/2020,48,31.46,131.23,66.2,8.05
309,Nichinan,75,JP,04/11/2020,48,31.6,131.37,66.2,10.29
310,Hamilton,90,BM,04/11/2020,82,32.29,-64.78,64,20.8
311,Asfi,86,MA,04/11/2020,84,32.3,-9.24,61.05,14.9
312,Saint George,90,BM,04/11/2020,82,32.38,-64.68,64.99,18.34
313,Guangyuan,92,CN,04/11/2020,28,32.44,105.82,60.01,8.19
314,Ponta Do Sol,20,PT,04/11/2020,77,32.67,-17.1,64.4,10.29
315,Porto Santo,20,PT,04/11/2020,72,33.07,-16.34,64.4,10.29
316,Camacha,40,PT,04/11/2020,77,33.08,-16.33,64.4,11.41
317,Muroto,75,JP,04/11/2020,58,33.28,134.15,59,11.41
318,Jand,63,PK,04/11/2020,28,33.43,72.02,83.28,2.77
319,Lubbock,20,US,04/11/2020,71,33.6,-101.83,57,12.75
320,Tabas,98,IR,04/11/2020,27,33.6,56.92,79.74,24.9
321,Shingu,75,JP,04/11/2020,54,33.73,135.98,57.2,12.75
322,Rancho Palos Verdes,1,US,04/11/2020,82,33.74,-118.39,57.99,3.36
323,Show Low,1,US,04/11/2020,35,34.25,-110.03,46.4,1.61
324,Panjab,98,AF,04/11/2020,34,34.39,67.02,42.31,3.6
325,Dillon,1,US,04/11/2020,93,34.42,-79.37,44.01,4.99
326,Hot Springs,1,US,04/11/2020,57,34.5,-93.06,48.2,5.82
327,Lompoc,1,US,04/11/2020,93,34.64,-120.46,55.4,8.05
328,Tateyama,75,JP,04/11/2020,44,34.98,139.87,60.01,6.93
329,Katsuura,75,JP,04/11/2020,38,35.13,140.3,62.01,9.17
330,Pampa,1,US,04/11/2020,58,35.54,-100.96,60.8,24.16
331,Hasaki,20,JP,04/11/2020,46,35.73,140.83,68,13.87
332,Zhoucheng,18,CN,04/11/2020,29,35.91,116.31,63.09,9.71
333,Greeneville,1,US,04/11/2020,48,36.16,-82.83,41,2.51
334,Pahrump,40,US,04/11/2020,57,36.21,-115.98,54,8.05
335,Medea,75,DZ,04/11/2020,93,36.26,2.75,50,0.98
336,Qazvin,90,IR,04/11/2020,100,36.28,50,44.6,11.41
337,Rogers,1,US,04/11/2020,37,36.37,-95.58,57.2,8.05
338,Pacific Grove,20,US,04/11/2020,76,36.62,-121.92,55.99,6.93
339,Half Moon Bay,20,US,04/11/2020,87,37.46,-122.43,55.99,6.93
340,Alamosa,1,US,04/11/2020,18,37.47,-105.87,42.8,4.7
341,Eregli,0,TR,04/11/2020,33,37.51,34.05,47.64,4.12
342,Vila Franca Do Campo,20,PT,04/11/2020,76,37.72,-25.43,57.2,6.93
343,Lithakia,0,GR,04/11/2020,93,37.72,20.83,44.6,4.7
344,Dodge City,1,US,04/11/2020,58,37.75,-100.02,57.2,9.17
345,Soma,40,JP,04/11/2020,43,37.8,140.92,55.99,14.99
346,Cefalu,9,IT,04/11/2020,81,38.04,14.02,55.99,3
347,Siderno,0,IT,04/11/2020,62,38.28,16.3,57.99,6.93
348,Great Bend,1,US,04/11/2020,50,38.36,-98.76,55.4,18.34
349,Shache,76,CN,04/11/2020,11,38.42,77.24,71.96,5.55
350,Ribeira Grande,89,PT,04/11/2020,72,38.52,-28.7,60.84,4.76
351,Elvas,56,PT,04/11/2020,93,38.88,-7.16,54,2.24
352,Lagoa,71,PT,04/11/2020,71,39.05,-27.98,61.02,7.63
353,Bergama,0,TR,04/11/2020,67,39.12,27.18,57.2,5.82
354,Carbonia,5,IT,04/11/2020,100,39.17,8.52,52,3.36
355,Hamilton,1,US,04/11/2020,74,39.18,-84.53,41,4.45
356,Shitanjing,0,CN,04/11/2020,21,39.23,106.34,48.56,8.84
357,Fallon,1,US,04/11/2020,52,39.47,-118.78,48.99,3.36
358,Balkanabat,82,TM,04/11/2020,70,39.51,54.37,54.55,1.61
359,Jiuquan,0,CN,04/11/2020,11,39.74,98.52,63.41,16.24
360,Indiana,40,US,04/11/2020,65,40,-86.25,44.01,3.36
361,Lancaster,1,US,04/11/2020,48,40.25,-76.25,39.99,16.11
362,Yumen,0,CN,04/11/2020,11,40.28,97.2,63.03,22.91
363,Artyom,75,AZ,04/11/2020,76,40.47,50.33,51.8,4.7
364,Fortuna,90,US,04/11/2020,100,40.6,-124.16,53.01,3.89
365,Gerede,0,TR,04/11/2020,32,40.8,32.2,44.19,2.86
366,Elko,1,US,04/11/2020,39,41,-115.5,48,5.79
367,Aksu,78,CN,04/11/2020,14,41.12,80.26,67.8,5.46
368,Gazojak,30,TM,04/11/2020,27,41.19,61.4,64.47,9.64
369,Kewanee,90,US,04/11/2020,52,41.25,-89.92,46.99,3.36
370,Nantucket,1,US,04/11/2020,86,41.28,-70.1,41,12.75
371,Bethel,90,US,04/11/2020,56,41.37,-73.41,45,9.17
372,Boyabat,0,TR,04/11/2020,39,41.47,34.77,51.35,4.83
373,Bafra,10,TR,04/11/2020,61,41.57,35.91,46.4,4.68
374,Tsalka,65,GE,04/11/2020,38,41.59,44.09,39.85,5.06
375,Korla,33,CN,04/11/2020,15,41.76,86.15,68.16,4.83
376,Fiumicino,0,IT,04/11/2020,75,41.77,12.23,54,1.12
377,Derbent,80,RU,04/11/2020,61,42.07,48.29,50.76,4.05
378,Palmer,1,US,04/11/2020,64,42.16,-72.33,39.99,10.29
379,Chifeng,0,CN,04/11/2020,21,42.27,118.96,59.38,19.8
380,Khasan,66,RU,04/11/2020,60,42.43,130.64,45.36,10.87
381,Helong,52,CN,04/11/2020,38,42.54,129,50.52,8.48
382,Muros,75,ES,04/11/2020,100,42.78,-9.06,57,1.12
383,Georgiyevka,20,KZ,04/11/2020,65,43.04,74.71,46.4,8.95
384,Mountain Home,1,US,04/11/2020,29,43.13,-115.69,62.6,8.05
385,Carballo,90,ES,04/11/2020,100,43.21,-8.69,55.99,2.24
386,Nemuro,20,JP,04/11/2020,55,43.32,145.57,35.6,14.99
387,North Bend,90,US,04/11/2020,93,43.41,-124.22,50,12.75
388,Erenhot,0,CN,04/11/2020,21,43.65,111.98,53.15,10.85
389,Gornoye Loo,90,RU,04/11/2020,87,43.71,39.6,51.01,4.47
390,Komsomolskiy,0,RU,04/11/2020,51,43.98,46.7,52.2,2.21
391,Pierre,20,US,04/11/2020,60,44.37,-100.35,46,5.82
392,Arkhipo-Osipovka,51,RU,04/11/2020,70,44.37,38.52,52.41,12.37
393,Divnomorskoye,46,RU,04/11/2020,75,44.5,38.14,51.67,9.89
394,Kamen-Rybolov,42,RU,04/11/2020,44,44.75,132.04,47.23,13.89
395,Uhlove,5,UA,04/11/2020,60,44.82,33.6,48.96,13.69
396,Briancon,0,FR,04/11/2020,37,44.9,6.65,51.01,1.14
397,Marinette,75,US,04/11/2020,80,45.1,-87.63,35.6,3.36
398,Aberdeen,20,US,04/11/2020,65,45.46,-98.49,43,6.93
399,Voyinka,16,UA,04/11/2020,59,45.87,33.99,48.61,13.18
400,Domodossola,0,IT,04/11/2020,75,46.12,8.29,54,4.47
401,Yashkul,0,RU,04/11/2020,47,46.17,45.34,51.28,10.45
402,Maniwaki,15,CA,04/11/2020,95,46.38,-75.97,26.28,8.21
403,Kyrylivka,14,UA,04/11/2020,60,46.38,35.37,49.57,15.73
404,Vostok,72,RU,04/11/2020,49,46.49,135.88,39.47,4.63
405,Autun,0,FR,04/11/2020,86,46.95,4.3,42.8,0.78
406,Marystown,82,CA,04/11/2020,93,47.17,-55.15,34.41,14.32
407,La Baule-Escoublac,0,FR,04/11/2020,87,47.29,-2.36,51.8,1.12
408,Volnovakha,7,UA,04/11/2020,100,47.6,37.5,46.99,14
409,Torbay,90,CA,04/11/2020,93,47.67,-52.73,39,5.82
410,Altay,95,CN,04/11/2020,39,47.87,88.12,49.96,2.24
411,Leninskoye,11,RU,04/11/2020,39,47.94,132.62,51.13,8.61
412,Saly,33,HU,04/11/2020,48,47.95,20.67,50.09,4.7
413,Bonavista,86,CA,04/11/2020,84,48.65,-53.11,37,5.01
414,Atikokan,84,CA,04/11/2020,89,48.76,-91.62,27.88,5.66
415,Chalons-En-Champagne,79,FR,04/11/2020,87,48.95,4.37,48.2,6.93
416,Erdenet,0,MN,04/11/2020,20,49.03,104.08,55.17,8.01
417,Shubarkuduk,95,KZ,04/11/2020,41,49.14,56.49,52.02,13.42
418,Carman,90,CA,04/11/2020,70,49.5,-98,44.6,9.17
419,Ulaangom,62,MN,04/11/2020,70,49.98,92.07,32.25,2.15
420,Suhbaatar,0,MN,04/11/2020,20,50.23,106.21,63.27,7.81
421,Erzin,94,RU,04/11/2020,59,50.26,95.16,35.46,3.15
422,Aqtobe,94,KZ,04/11/2020,40,50.28,57.21,53.6,13.42
423,Kholtoson,43,RU,04/11/2020,19,50.3,103.31,59.97,5.03
424,Talakan,22,RU,04/11/2020,37,50.32,130.37,54.01,7.47
425,High River,90,CA,04/11/2020,86,50.58,-113.87,27,9.04
426,Severo-Kurilsk,49,RU,04/11/2020,93,50.68,156.12,31.95,6.55
427,Port Hardy,20,CA,04/11/2020,75,50.7,-127.42,42.8,5.82
428,Derzhavinsk,100,KZ,04/11/2020,47,51.1,66.32,49.44,12.84
429,Zmeinogorsk,0,RU,04/11/2020,44,51.16,82.19,46.83,4.14
430,Aksay,0,KZ,04/11/2020,45,51.17,52.99,50.9,15.19
431,Astana,10,KZ,04/11/2020,49,51.18,71.45,48.2,6.71
432,Gorin,0,RU,04/11/2020,46,51.2,136.67,48.4,0.34
433,Novotroitsk,75,RU,04/11/2020,75,51.2,58.33,44.6,13.42
434,Dergachi,95,RU,04/11/2020,47,51.23,48.77,48.85,15.66
435,Chadan,24,RU,04/11/2020,41,51.28,91.58,43.99,0.58
436,Kamenka,96,RU,04/11/2020,94,51.32,42.77,35.01,9.82
437,Repnoye,100,RU,04/11/2020,91,51.59,43.19,41,8.01
438,Berezovyy,0,RU,04/11/2020,34,51.67,135.7,53.31,1.88
439,Tahe,0,CN,04/11/2020,37,52.33,124.73,55.54,9.78
440,Jasper,99,CA,04/11/2020,78,52.88,-118.09,20.23,5.84
441,Okha,0,RU,04/11/2020,86,53.57,142.95,34.23,8.61
442,Kirgiz-Miyaki,3,RU,04/11/2020,56,53.63,54.8,45.37,13.67
443,Zeya,25,RU,04/11/2020,43,53.75,127.27,54.39,7.47
444,Yepifan,74,RU,04/11/2020,65,53.83,38.55,39.02,10.4
445,Amazar,4,RU,04/11/2020,37,53.86,120.88,55.74,3.44
446,Sergeyevka,34,KZ,04/11/2020,53,53.88,67.42,48.83,8.48
447,Prince Rupert,1,CA,04/11/2020,45,54.32,-130.32,44.6,10.29
448,Sobolevo,99,RU,04/11/2020,83,54.43,31.9,34.21,9.04
449,Killybegs,97,IE,04/11/2020,94,54.63,-8.45,46,1.01
450,Chumikan,18,RU,04/11/2020,54,54.72,135.31,48.7,7.02
451,Flin Flon,90,CA,04/11/2020,94,54.77,-101.86,22.15,12.44
452,Smithers,1,CA,04/11/2020,37,54.78,-127.17,35.6,6.93
453,Svetlogorsk,0,RU,04/11/2020,69,54.94,20.15,32,4.47
454,Blyth,100,GB,04/11/2020,76,55.13,-1.51,55.99,5.82
455,Tynda,69,RU,04/11/2020,59,55.17,124.72,46.2,6.17
456,Ketchikan,1,US,04/11/2020,45,55.34,-131.65,46.4,12.75
457,Thompson,90,CA,04/11/2020,68,55.74,-97.86,28.4,3.36
458,Shestakovo,100,RU,04/11/2020,81,56.49,103.96,36.68,5.93
459,Serebryanyy Bor,83,RU,04/11/2020,64,56.8,124.8,39.25,6.55
460,Barda,100,RU,04/11/2020,54,56.93,55.59,45.37,18.37
461,Sitka,1,US,04/11/2020,35,57.05,-135.33,42.8,4.7
462,Ust-Ishim,73,RU,04/11/2020,83,57.69,71.17,45.07,5.14
463,Kodiak,75,US,04/11/2020,69,57.79,-152.41,37.4,9.17
464,Wick,98,GB,04/11/2020,93,58.43,-3.08,50,4.7
465,Varhaug,75,NO,04/11/2020,88,58.61,5.65,43,8.05
466,Kodinsk,5,RU,04/11/2020,57,58.69,99.18,43.93,7.65
467,Kologriv,95,RU,04/11/2020,83,58.83,44.32,33.26,5.21
468,Nizhniy Kuranakh,97,RU,04/11/2020,62,58.84,125.49,38.82,5.39
469,Okhotsk,78,RU,04/11/2020,91,59.38,143.3,33.1,3.49
470,Magadan,46,RU,04/11/2020,94,59.57,150.8,25.68,3.6
471,Nikolskoye,75,RU,04/11/2020,77,59.7,30.79,33.01,8.95
472,Totma,94,RU,04/11/2020,87,59.97,42.76,31.28,4.52
473,Nanortalik,100,GL,04/11/2020,89,60.14,-45.24,32.5,4.03
474,Haines Junction,27,CA,04/11/2020,80,60.75,-137.51,16.93,0.98
475,Narsaq,100,GL,04/11/2020,33,60.92,-46.05,46.4,18.34
476,Yerbogachen,100,RU,04/11/2020,79,61.28,108.01,36.66,7.34
477,Soderhamn,9,SE,04/11/2020,89,61.3,17.06,43,1.01
478,Talaya,23,RU,04/11/2020,87,61.38,152.75,23.18,6.93
479,Vagur,100,FO,04/11/2020,98,61.47,-6.81,46.09,15.26
480,Wasilla,1,US,04/11/2020,23,61.58,-149.44,39.2,4.7
481,Suoyarvi,29,RU,04/11/2020,87,62.08,32.35,30.99,6.89
482,Klaksvik,100,FO,04/11/2020,100,62.23,-6.59,44.6,8.05
483,Yellowknife,75,CA,04/11/2020,78,62.46,-114.35,15.01,8.05
484,Khandyga,28,RU,04/11/2020,86,62.67,135.6,35.89,9.64
485,Rochegda,15,RU,04/11/2020,87,62.8,43.25,27.86,4.07
486,Kuopio,90,FI,04/11/2020,92,62.89,27.68,28.4,8.05
487,Ostersund,40,SE,04/11/2020,80,63.18,14.64,30.2,5.82
488,Nyurba,100,RU,04/11/2020,70,63.28,118.33,38.57,8.52
489,Mayo,75,CA,04/11/2020,87,63.59,-135.9,32,2.24
490,Nizhniy Odes,99,RU,04/11/2020,93,63.64,54.86,25.5,6.38
491,Iqaluit,75,CA,04/11/2020,78,63.75,-68.51,14,3.09
492,Grindavik,75,IS,04/11/2020,100,63.84,-22.43,42.8,8.05
493,Nuuk,100,GL,04/11/2020,79,64.18,-51.72,28.4,1.12
494,Hofn,100,IS,04/11/2020,85,64.25,-15.21,43.63,12.1
495,Tura,100,RU,04/11/2020,78,64.28,100.25,32.41,17.29
496,Provideniya,100,RU,04/11/2020,95,64.38,-173.3,16.45,11.83
497,Nome,90,US,04/11/2020,98,64.5,-165.41,32,10.29
498,Anadyr,52,RU,04/11/2020,84,64.75,177.48,1.4,15.66
499,Fairbanks,90,US,04/11/2020,86,64.84,-147.72,33.8,3.47
500,Olafsvik,49,IS,04/11/2020,83,64.89,-23.71,36.86,16.55
501,Tarko-Sale,100,RU,04/11/2020,98,64.92,77.78,34.66,21.39
502,Norman Wells,75,CA,04/11/2020,53,65.28,-126.83,24.8,2.24
503,Tasiilaq,98,GL,04/11/2020,67,65.61,-37.64,19.4,2.24
504,Staryy Nadym,100,RU,04/11/2020,99,65.61,72.68,37.04,20.22
505,Akureyri,90,IS,04/11/2020,100,65.68,-18.09,26.6,5.82
506,Krasnoselkup,100,RU,04/11/2020,99,65.7,82.47,33.57,15.3
507,Pangody,100,RU,04/11/2020,98,65.85,74.49,36.16,19.26
508,Dalvik,90,IS,04/11/2020,100,65.97,-18.53,28.4,6.93
509,Aykhal,100,RU,04/11/2020,50,66,111.5,33.8,11.18
510,Inta,100,RU,04/11/2020,96,66.03,60.17,22.8,11.77
511,Pangnirtung,98,CA,04/11/2020,79,66.15,-65.71,14.45,4.47
512,Egvekinot,22,RU,04/11/2020,84,66.32,-179.17,8.85,3.31
513,Udachnyy,76,RU,04/11/2020,50,66.42,112.4,33.8,11.18
514,Zhigansk,50,RU,04/11/2020,92,66.77,123.37,32.88,15.73
515,Kovdor,71,RU,04/11/2020,91,67.57,30.48,22.93,7.31
516,Batagay,3,RU,04/11/2020,78,67.63,134.63,35.15,8.99
517,Sorland,100,NO,04/11/2020,80,67.67,12.69,34.11,10.89
518,Kiruna,44,SE,04/11/2020,62,67.86,20.23,19.4,6.93
519,Bilibino,100,RU,04/11/2020,85,68.05,166.44,13.44,3.89
520,Ostrovnoy,77,RU,04/11/2020,95,68.05,39.51,20.3,8.7
521,Aklavik,75,CA,04/11/2020,67,68.22,-135.01,17.6,3.36
522,Kangaatsiaq,93,GL,04/11/2020,89,68.31,-53.46,29.44,15.12
523,Stokmarknes,100,NO,04/11/2020,74,68.56,14.91,33.01,5.99
524,Cherskiy,100,RU,04/11/2020,97,68.75,161.3,19.85,9.42
525,Ilulissat,69,GL,04/11/2020,57,69.22,-51.1,21.2,2.24
526,Finnsnes,100,NO,04/11/2020,79,69.23,17.98,28.4,21.92
527,Deputatskiy,48,RU,04/11/2020,90,69.3,139.9,25.12,18.9
528,Andenes,100,NO,04/11/2020,86,69.31,16.12,30.2,10.29
529,Leningradskiy,95,RU,04/11/2020,86,69.38,178.42,13.46,8.32
530,Tuktoyaktuk,20,CA,04/11/2020,77,69.45,-133.04,1.4,9.17
531,Karasjok,88,NO,04/11/2020,68,69.47,25.51,28.4,19.46
532,Pevek,100,RU,04/11/2020,91,69.7,170.31,11.8,16.08
533,Ust-Kuyga,83,RU,04/11/2020,84,70.02,135.6,33.93,19.04
534,Skjervoy,100,NO,04/11/2020,94,70.03,20.97,31.46,22.08
535,Lakselv,96,NO,04/11/2020,73,70.05,24.97,27,21.92
536,Vardo,100,NO,04/11/2020,89,70.37,31.11,29.26,18.66
537,Clyde River,90,CA,04/11/2020,91,70.47,-68.59,3.2,16.11
538,Chokurdakh,56,RU,04/11/2020,95,70.63,147.92,23.86,13.98
539,Berlevag,99,NO,04/11/2020,91,70.86,29.09,28.35,15.59
540,Mehamn,100,NO,04/11/2020,91,71.04,27.85,27.91,11.74
541,Barrow,90,US,04/11/2020,77,71.29,-156.79,-2.2,8.05
542,Tiksi,95,RU,04/11/2020,93,71.69,128.87,29.17,35.34
543,Saskylakh,91,RU,04/11/2020,94,71.92,114.08,31.91,23.55
544,Khatanga,99,RU,04/11/2020,95,71.97,102.5,21.34,25.43
545,Upernavik,0,GL,04/11/2020,82,72.79,-56.15,10.62,9.08
546,Dikson,92,RU,04/11/2020,94,73.51,80.55,13.14,9.82
547,Qaanaaq,47,GL,04/11/2020,72,77.48,-69.36,3.83,7.38
548,Longyearbyen,20,SJ,04/11/2020,76,78.22,15.64,-7.6,3.36
